Category,Subcategory,Product Name,Brand,Unit,MRP,Price,Stock,Description
Vegetable Seeds,Tomato,Tomato Hybrid Seeds,VNR,10g,60,47,77,High-germination hybrid tomato seeds for home gardens and commercial farms.
Vegetable Seeds,Tomato,Tomato Open-Pollinated Seeds,Mahyco,Pack of 50 seeds,75,62,149,High-germination open-pollinated tomato seeds for home gardens and commercial farms.
Vegetable Seeds,Tomato,Tomato Desi (Native) Seeds,IGO Seeds,10g,45,35,163,High-germination desi (native) tomato seeds for home gardens and commercial farms.
Vegetable Seeds,Brinjal (Eggplant),Brinjal (Eggplant) Hybrid Seeds,Mahyco,Pack of 50 seeds,120,95,103,High-germination hybrid brinjal (eggplant) seeds for home gardens and commercial farms.
Vegetable Seeds,Brinjal (Eggplant),Brinjal (Eggplant) Open-Pollinated Seeds,Syngenta,10g,150,125,243,High-germination open-pollinated brinjal (eggplant) seeds for home gardens and commercial farms.
Vegetable Seeds,Brinjal (Eggplant),Brinjal (Eggplant) Desi (Native) Seeds,IGO Seeds,25g,60,42,188,High-germination desi (native) brinjal (eggplant) seeds for home gardens and commercial farms.
Vegetable Seeds,Chilli,Chilli Hybrid Seeds,Indo-American,Pack of 50 seeds,60,49,197,High-germination hybrid chilli seeds for home gardens and commercial farms.
Vegetable Seeds,Chilli,Chilli Open-Pollinated Seeds,Namdhari,25g,45,37,230,High-germination open-pollinated chilli seeds for home gardens and commercial farms.
Vegetable Seeds,Chilli,Chilli Desi (Native) Seeds,Mahyco,Pack of 50 seeds,120,102,70,High-germination desi (native) chilli seeds for home gardens and commercial farms.
Vegetable Seeds,Okra (Bhendi),Okra (Bhendi) Hybrid Seeds,Syngenta,100g,99,84,200,High-germination hybrid okra (bhendi) seeds for home gardens and commercial farms.
Vegetable Seeds,Okra (Bhendi),Okra (Bhendi) Open-Pollinated Seeds,Pahuja,50g,120,108,193,High-germination open-pollinated okra (bhendi) seeds for home gardens and commercial farms.
Vegetable Seeds,Okra (Bhendi),Okra (Bhendi) Desi (Native) Seeds,Syngenta,25g,180,133,81,High-germination desi (native) okra (bhendi) seeds for home gardens and commercial farms.
Vegetable Seeds,Onion,Onion Hybrid Seeds,East-West (Known-You),50g,120,97,269,High-germination hybrid onion seeds for home gardens and commercial farms.
Vegetable Seeds,Onion,Onion Open-Pollinated Seeds,East-West (Known-You),10g,120,109,254,High-germination open-pollinated onion seeds for home gardens and commercial farms.
Vegetable Seeds,Onion,Onion Desi (Native) Seeds,Namdhari,100g,180,139,255,High-germination desi (native) onion seeds for home gardens and commercial farms.
Vegetable Seeds,Cabbage,Cabbage Hybrid Seeds,IGO Seeds,Pack of 50 seeds,150,107,200,High-germination hybrid cabbage seeds for home gardens and commercial farms.
Vegetable Seeds,Cabbage,Cabbage Open-Pollinated Seeds,VNR,100g,150,116,273,High-germination open-pollinated cabbage seeds for home gardens and commercial farms.
Vegetable Seeds,Cabbage,Cabbage Desi (Native) Seeds,Mahyco,50g,180,129,282,High-germination desi (native) cabbage seeds for home gardens and commercial farms.
Vegetable Seeds,Cauliflower,Cauliflower Hybrid Seeds,Mahyco,50g,45,38,268,High-germination hybrid cauliflower seeds for home gardens and commercial farms.
Vegetable Seeds,Cauliflower,Cauliflower Open-Pollinated Seeds,East-West (Known-You),50g,150,117,51,High-germination open-pollinated cauliflower seeds for home gardens and commercial farms.
Vegetable Seeds,Cauliflower,Cauliflower Desi (Native) Seeds,Pahuja,10g,75,55,292,High-germination desi (native) cauliflower seeds for home gardens and commercial farms.
Vegetable Seeds,Carrot,Carrot Hybrid Seeds,IGO Seeds,25g,60,52,166,High-germination hybrid carrot seeds for home gardens and commercial farms.
Vegetable Seeds,Carrot,Carrot Open-Pollinated Seeds,Indo-American,100g,99,89,81,High-germination open-pollinated carrot seeds for home gardens and commercial farms.
Vegetable Seeds,Carrot,Carrot Desi (Native) Seeds,Namdhari,50g,99,78,110,High-germination desi (native) carrot seeds for home gardens and commercial farms.
Vegetable Seeds,Radish,Radish Hybrid Seeds,Indo-American,100g,180,147,223,High-germination hybrid radish seeds for home gardens and commercial farms.
Vegetable Seeds,Radish,Radish Open-Pollinated Seeds,Indo-American,25g,60,43,117,High-germination open-pollinated radish seeds for home gardens and commercial farms.
Vegetable Seeds,Radish,Radish Desi (Native) Seeds,Syngenta,100g,150,112,133,High-germination desi (native) radish seeds for home gardens and commercial farms.
Vegetable Seeds,Beetroot,Beetroot Hybrid Seeds,East-West (Known-You),100g,75,52,229,High-germination hybrid beetroot seeds for home gardens and commercial farms.
Vegetable Seeds,Beetroot,Beetroot Open-Pollinated Seeds,VNR,Pack of 50 seeds,60,51,67,High-germination open-pollinated beetroot seeds for home gardens and commercial farms.
Vegetable Seeds,Beetroot,Beetroot Desi (Native) Seeds,Pahuja,Pack of 50 seeds,180,156,240,High-germination desi (native) beetroot seeds for home gardens and commercial farms.
Vegetable Seeds,Cucumber,Cucumber Hybrid Seeds,Indo-American,100g,99,77,245,High-germination hybrid cucumber seeds for home gardens and commercial farms.
Vegetable Seeds,Cucumber,Cucumber Open-Pollinated Seeds,IGO Seeds,25g,60,42,265,High-germination open-pollinated cucumber seeds for home gardens and commercial farms.
Vegetable Seeds,Cucumber,Cucumber Desi (Native) Seeds,Namdhari,10g,45,34,92,High-germination desi (native) cucumber seeds for home gardens and commercial farms.
Vegetable Seeds,Bottle Gourd,Bottle Gourd Hybrid Seeds,IGO Seeds,10g,120,87,226,High-germination hybrid bottle gourd seeds for home gardens and commercial farms.
Vegetable Seeds,Bottle Gourd,Bottle Gourd Open-Pollinated Seeds,IGO Seeds,Pack of 50 seeds,45,40,232,High-germination open-pollinated bottle gourd seeds for home gardens and commercial farms.
Vegetable Seeds,Bottle Gourd,Bottle Gourd Desi (Native) Seeds,Namdhari,50g,150,113,226,High-germination desi (native) bottle gourd seeds for home gardens and commercial farms.
Vegetable Seeds,Bitter Gourd,Bitter Gourd Hybrid Seeds,Pahuja,100g,45,32,278,High-germination hybrid bitter gourd seeds for home gardens and commercial farms.
Vegetable Seeds,Bitter Gourd,Bitter Gourd Open-Pollinated Seeds,Pahuja,25g,99,76,92,High-germination open-pollinated bitter gourd seeds for home gardens and commercial farms.
Vegetable Seeds,Bitter Gourd,Bitter Gourd Desi (Native) Seeds,VNR,25g,150,113,51,High-germination desi (native) bitter gourd seeds for home gardens and commercial farms.
Vegetable Seeds,Ridge Gourd,Ridge Gourd Hybrid Seeds,Syngenta,Pack of 50 seeds,120,93,53,High-germination hybrid ridge gourd seeds for home gardens and commercial farms.
Vegetable Seeds,Ridge Gourd,Ridge Gourd Open-Pollinated Seeds,East-West (Known-You),50g,150,133,227,High-germination open-pollinated ridge gourd seeds for home gardens and commercial farms.
Vegetable Seeds,Ridge Gourd,Ridge Gourd Desi (Native) Seeds,Namdhari,Pack of 50 seeds,75,65,297,High-germination desi (native) ridge gourd seeds for home gardens and commercial farms.
Vegetable Seeds,Pumpkin,Pumpkin Hybrid Seeds,VNR,25g,150,112,162,High-germination hybrid pumpkin seeds for home gardens and commercial farms.
Vegetable Seeds,Pumpkin,Pumpkin Open-Pollinated Seeds,Indo-American,25g,150,131,292,High-germination open-pollinated pumpkin seeds for home gardens and commercial farms.
Vegetable Seeds,Pumpkin,Pumpkin Desi (Native) Seeds,VNR,10g,150,105,183,High-germination desi (native) pumpkin seeds for home gardens and commercial farms.
Vegetable Seeds,Watermelon,Watermelon Hybrid Seeds,Pahuja,Pack of 50 seeds,75,55,216,High-germination hybrid watermelon seeds for home gardens and commercial farms.
Vegetable Seeds,Watermelon,Watermelon Open-Pollinated Seeds,Pahuja,50g,180,163,226,High-germination open-pollinated watermelon seeds for home gardens and commercial farms.
Vegetable Seeds,Watermelon,Watermelon Desi (Native) Seeds,Mahyco,100g,60,43,140,High-germination desi (native) watermelon seeds for home gardens and commercial farms.
Vegetable Seeds,Muskmelon,Muskmelon Hybrid Seeds,VNR,Pack of 50 seeds,60,48,40,High-germination hybrid muskmelon seeds for home gardens and commercial farms.
Vegetable Seeds,Muskmelon,Muskmelon Open-Pollinated Seeds,Pahuja,10g,150,116,101,High-germination open-pollinated muskmelon seeds for home gardens and commercial farms.
Vegetable Seeds,Muskmelon,Muskmelon Desi (Native) Seeds,Indo-American,25g,180,154,284,High-germination desi (native) muskmelon seeds for home gardens and commercial farms.
Vegetable Seeds,Cluster Bean,Cluster Bean Hybrid Seeds,Namdhari,50g,99,86,84,High-germination hybrid cluster bean seeds for home gardens and commercial farms.
Vegetable Seeds,Cluster Bean,Cluster Bean Open-Pollinated Seeds,Indo-American,10g,99,78,121,High-germination open-pollinated cluster bean seeds for home gardens and commercial farms.
Vegetable Seeds,Cluster Bean,Cluster Bean Desi (Native) Seeds,Namdhari,Pack of 50 seeds,60,42,278,High-germination desi (native) cluster bean seeds for home gardens and commercial farms.
Vegetable Seeds,Cowpea,Cowpea Hybrid Seeds,Namdhari,100g,120,105,219,High-germination hybrid cowpea seeds for home gardens and commercial farms.
Vegetable Seeds,Cowpea,Cowpea Open-Pollinated Seeds,Namdhari,10g,120,98,47,High-germination open-pollinated cowpea seeds for home gardens and commercial farms.
Vegetable Seeds,Cowpea,Cowpea Desi (Native) Seeds,Mahyco,25g,120,103,262,High-germination desi (native) cowpea seeds for home gardens and commercial farms.
Vegetable Seeds,French Bean,French Bean Hybrid Seeds,Syngenta,10g,180,160,168,High-germination hybrid french bean seeds for home gardens and commercial farms.
Vegetable Seeds,French Bean,French Bean Open-Pollinated Seeds,Syngenta,Pack of 50 seeds,75,60,206,High-germination open-pollinated french bean seeds for home gardens and commercial farms.
Vegetable Seeds,French Bean,French Bean Desi (Native) Seeds,East-West (Known-You),25g,120,95,71,High-germination desi (native) french bean seeds for home gardens and commercial farms.
Vegetable Seeds,Spinach (Palak),Spinach (Palak) Hybrid Seeds,VNR,Pack of 50 seeds,99,83,255,High-germination hybrid spinach (palak) seeds for home gardens and commercial farms.
Vegetable Seeds,Spinach (Palak),Spinach (Palak) Open-Pollinated Seeds,Namdhari,Pack of 50 seeds,120,88,49,High-germination open-pollinated spinach (palak) seeds for home gardens and commercial farms.
Vegetable Seeds,Spinach (Palak),Spinach (Palak) Desi (Native) Seeds,Pahuja,10g,180,133,116,High-germination desi (native) spinach (palak) seeds for home gardens and commercial farms.
Vegetable Seeds,Amaranthus (Mulai),Amaranthus (Mulai) Hybrid Seeds,Namdhari,10g,60,48,71,High-germination hybrid amaranthus (mulai) seeds for home gardens and commercial farms.
Vegetable Seeds,Amaranthus (Mulai),Amaranthus (Mulai) Open-Pollinated Seeds,VNR,Pack of 50 seeds,150,122,287,High-germination open-pollinated amaranthus (mulai) seeds for home gardens and commercial farms.
Vegetable Seeds,Amaranthus (Mulai),Amaranthus (Mulai) Desi (Native) Seeds,Mahyco,25g,120,85,181,High-germination desi (native) amaranthus (mulai) seeds for home gardens and commercial farms.
Vegetable Seeds,Coriander,Coriander Hybrid Seeds,IGO Seeds,100g,180,129,54,High-germination hybrid coriander seeds for home gardens and commercial farms.
Vegetable Seeds,Coriander,Coriander Open-Pollinated Seeds,Mahyco,Pack of 50 seeds,99,76,142,High-germination open-pollinated coriander seeds for home gardens and commercial farms.
Vegetable Seeds,Coriander,Coriander Desi (Native) Seeds,East-West (Known-You),100g,99,80,299,High-germination desi (native) coriander seeds for home gardens and commercial farms.
Vegetable Seeds,Fenugreek (Methi),Fenugreek (Methi) Hybrid Seeds,Syngenta,50g,150,122,143,High-germination hybrid fenugreek (methi) seeds for home gardens and commercial farms.
Vegetable Seeds,Fenugreek (Methi),Fenugreek (Methi) Open-Pollinated Seeds,Pahuja,100g,60,47,266,High-germination open-pollinated fenugreek (methi) seeds for home gardens and commercial farms.
Vegetable Seeds,Fenugreek (Methi),Fenugreek (Methi) Desi (Native) Seeds,VNR,100g,45,38,77,High-germination desi (native) fenugreek (methi) seeds for home gardens and commercial farms.
Vegetable Seeds,Capsicum,Capsicum Hybrid Seeds,Syngenta,10g,150,114,119,High-germination hybrid capsicum seeds for home gardens and commercial farms.
Vegetable Seeds,Capsicum,Capsicum Open-Pollinated Seeds,VNR,25g,60,45,279,High-germination open-pollinated capsicum seeds for home gardens and commercial farms.
Vegetable Seeds,Capsicum,Capsicum Desi (Native) Seeds,Syngenta,100g,150,136,289,High-germination desi (native) capsicum seeds for home gardens and commercial farms.
Vegetable Seeds,Green Peas,Green Peas Hybrid Seeds,Namdhari,25g,150,132,260,High-germination hybrid green peas seeds for home gardens and commercial farms.
Vegetable Seeds,Green Peas,Green Peas Open-Pollinated Seeds,Indo-American,50g,75,59,203,High-germination open-pollinated green peas seeds for home gardens and commercial farms.
Vegetable Seeds,Green Peas,Green Peas Desi (Native) Seeds,Mahyco,50g,150,117,274,High-germination desi (native) green peas seeds for home gardens and commercial farms.
Vegetable Seeds,Drumstick (Moringa),Drumstick (Moringa) Hybrid Seeds,Pahuja,50g,150,105,191,High-germination hybrid drumstick (moringa) seeds for home gardens and commercial farms.
Vegetable Seeds,Drumstick (Moringa),Drumstick (Moringa) Open-Pollinated Seeds,Mahyco,25g,45,41,93,High-germination open-pollinated drumstick (moringa) seeds for home gardens and commercial farms.
Vegetable Seeds,Drumstick (Moringa),Drumstick (Moringa) Desi (Native) Seeds,Mahyco,25g,75,56,178,High-germination desi (native) drumstick (moringa) seeds for home gardens and commercial farms.
Vegetable Seeds,Ash Gourd,Ash Gourd Hybrid Seeds,Namdhari,50g,180,142,247,High-germination hybrid ash gourd seeds for home gardens and commercial farms.
Vegetable Seeds,Ash Gourd,Ash Gourd Open-Pollinated Seeds,Namdhari,Pack of 50 seeds,120,108,293,High-germination open-pollinated ash gourd seeds for home gardens and commercial farms.
Vegetable Seeds,Ash Gourd,Ash Gourd Desi (Native) Seeds,VNR,25g,45,34,257,High-germination desi (native) ash gourd seeds for home gardens and commercial farms.
Vegetable Seeds,Snake Gourd,Snake Gourd Hybrid Seeds,Mahyco,10g,75,67,173,High-germination hybrid snake gourd seeds for home gardens and commercial farms.
Vegetable Seeds,Snake Gourd,Snake Gourd Open-Pollinated Seeds,Mahyco,10g,120,106,175,High-germination open-pollinated snake gourd seeds for home gardens and commercial farms.
Vegetable Seeds,Snake Gourd,Snake Gourd Desi (Native) Seeds,Mahyco,Pack of 50 seeds,99,69,253,High-germination desi (native) snake gourd seeds for home gardens and commercial farms.
Vegetable Seeds,Cauliflower,Cauliflower Hybrid Seeds,East-West (Known-You),Pack of 50 seeds,120,87,162,High-germination hybrid cauliflower seeds for home gardens and commercial farms.
Vegetable Seeds,Cauliflower,Cauliflower Open-Pollinated Seeds,Mahyco,25g,60,45,143,High-germination open-pollinated cauliflower seeds for home gardens and commercial farms.
Vegetable Seeds,Cauliflower,Cauliflower Desi (Native) Seeds,East-West (Known-You),25g,150,115,188,High-germination desi (native) cauliflower seeds for home gardens and commercial farms.
Fruit Plants,Mango,Mango (Alphonso) Grafted Live Plant,Plantogallery,1 plant (1-2 ft),599,499,49,"Grafted, true-to-type Mango (Alphonso) sapling ready for transplant. Starts fruiting in 1-3 years."
Fruit Plants,Mango,Mango (Banganapalli) Grafted Live Plant,Green Paradise,1 plant (1-2 ft),150,134,19,"Grafted, true-to-type Mango (Banganapalli) sapling ready for transplant. Starts fruiting in 1-3 years."
Fruit Plants,Banana,Banana (G9) Grafted Live Plant,IGO Nursery,1 plant (1-2 ft),150,126,85,"Grafted, true-to-type Banana (G9) sapling ready for transplant. Starts fruiting in 1-3 years."
Fruit Plants,Guava,Guava (Allahabad) Grafted Live Plant,Krishi Nursery,1 plant (1-2 ft),599,476,72,"Grafted, true-to-type Guava (Allahabad) sapling ready for transplant. Starts fruiting in 1-3 years."
Fruit Plants,Papaya,Papaya (Red Lady) Grafted Live Plant,IGO Nursery,1 plant (1-2 ft),799,690,70,"Grafted, true-to-type Papaya (Red Lady) sapling ready for transplant. Starts fruiting in 1-3 years."
Fruit Plants,Pomegranate,Pomegranate (Bhagwa) Grafted Live Plant,Plantogallery,1 plant (1-2 ft),599,519,65,"Grafted, true-to-type Pomegranate (Bhagwa) sapling ready for transplant. Starts fruiting in 1-3 years."
Fruit Plants,Sapota,Sapota (Chiku) Grafted Live Plant,Green Paradise,1 plant (1-2 ft),799,593,44,"Grafted, true-to-type Sapota (Chiku) sapling ready for transplant. Starts fruiting in 1-3 years."
Fruit Plants,Custard Apple,Custard Apple Grafted Live Plant,Green Paradise,1 plant (1-2 ft),250,216,105,"Grafted, true-to-type Custard Apple sapling ready for transplant. Starts fruiting in 1-3 years."
Fruit Plants,Lemon,Lemon (Kagzi) Grafted Live Plant,Krishi Nursery,1 plant (1-2 ft),450,404,21,"Grafted, true-to-type Lemon (Kagzi) sapling ready for transplant. Starts fruiting in 1-3 years."
Fruit Plants,Sweet Lime,Sweet Lime (Mosambi) Grafted Live Plant,Krishi Nursery,1 plant (1-2 ft),150,107,109,"Grafted, true-to-type Sweet Lime (Mosambi) sapling ready for transplant. Starts fruiting in 1-3 years."
Fruit Plants,Orange,Orange (Nagpur) Grafted Live Plant,Green Paradise,1 plant (1-2 ft),450,329,25,"Grafted, true-to-type Orange (Nagpur) sapling ready for transplant. Starts fruiting in 1-3 years."
Fruit Plants,Jackfruit,Jackfruit Grafted Live Plant,Plantogallery,1 plant (1-2 ft),599,499,51,"Grafted, true-to-type Jackfruit sapling ready for transplant. Starts fruiting in 1-3 years."
Fruit Plants,Amla,Amla (Gooseberry) Grafted Live Plant,Krishi Nursery,1 plant (1-2 ft),799,606,73,"Grafted, true-to-type Amla (Gooseberry) sapling ready for transplant. Starts fruiting in 1-3 years."
Fruit Plants,Coconut,Coconut (Dwarf) Grafted Live Plant,Krishi Nursery,1 plant (1-2 ft),250,188,15,"Grafted, true-to-type Coconut (Dwarf) sapling ready for transplant. Starts fruiting in 1-3 years."
Fruit Plants,Grapes,Grapes (Thompson) Grafted Live Plant,Green Paradise,1 plant (1-2 ft),350,312,85,"Grafted, true-to-type Grapes (Thompson) sapling ready for transplant. Starts fruiting in 1-3 years."
Fruit Plants,Fig,Fig (Anjeer) Grafted Live Plant,Green Paradise,1 plant (1-2 ft),250,176,54,"Grafted, true-to-type Fig (Anjeer) sapling ready for transplant. Starts fruiting in 1-3 years."
Fruit Plants,Dragon Fruit,Dragon Fruit Grafted Live Plant,Krishi Nursery,1 plant (1-2 ft),350,257,57,"Grafted, true-to-type Dragon Fruit sapling ready for transplant. Starts fruiting in 1-3 years."
Fruit Plants,Jamun,Jamun Grafted Live Plant,Plantogallery,1 plant (1-2 ft),150,119,79,"Grafted, true-to-type Jamun sapling ready for transplant. Starts fruiting in 1-3 years."
Fruit Plants,Tamarind,Tamarind Grafted Live Plant,Krishi Nursery,1 plant (1-2 ft),250,200,15,"Grafted, true-to-type Tamarind sapling ready for transplant. Starts fruiting in 1-3 years."
Fruit Plants,Wood Apple,Wood Apple Grafted Live Plant,IGO Nursery,1 plant (1-2 ft),350,302,33,"Grafted, true-to-type Wood Apple sapling ready for transplant. Starts fruiting in 1-3 years."
Plants,Flowering/Ornamental,Rose Live Plant with Pot,Green Paradise,1 plant,399,263,25,Healthy nursery-grown Rose plant in grow bag/pot. Air-purifying & easy to maintain.
Plants,Flowering/Ornamental,Hibiscus Live Plant with Pot,Nurserylive,1 plant,199,160,41,Healthy nursery-grown Hibiscus plant in grow bag/pot. Air-purifying & easy to maintain.
Plants,Medicinal/Herb,Jasmine (Mallipoo) Live Plant with Pot,Ugaoo,1 plant,399,298,103,Healthy nursery-grown Jasmine (Mallipoo) plant in grow bag/pot. Air-purifying & easy to maintain.
Plants,Flowering/Ornamental,Marigold Live Plant with Pot,Green Paradise,1 plant,149,107,178,Healthy nursery-grown Marigold plant in grow bag/pot. Air-purifying & easy to maintain.
Plants,Medicinal/Herb,Tulsi (Holy Basil) Live Plant with Pot,Ugaoo,1 plant,99,84,151,Healthy nursery-grown Tulsi (Holy Basil) plant in grow bag/pot. Air-purifying & easy to maintain.
Plants,Medicinal/Herb,Aloe Vera Live Plant with Pot,Green Paradise,1 plant,399,273,154,Healthy nursery-grown Aloe Vera plant in grow bag/pot. Air-purifying & easy to maintain.
Plants,Medicinal/Herb,Curry Leaf Live Plant with Pot,IGO Nursery,1 plant,399,338,194,Healthy nursery-grown Curry Leaf plant in grow bag/pot. Air-purifying & easy to maintain.
Plants,Medicinal/Herb,Money Plant Live Plant with Pot,Ugaoo,1 plant,99,65,54,Healthy nursery-grown Money Plant plant in grow bag/pot. Air-purifying & easy to maintain.
Plants,Medicinal/Herb,Areca Palm Live Plant with Pot,Nurserylive,1 plant,99,73,135,Healthy nursery-grown Areca Palm plant in grow bag/pot. Air-purifying & easy to maintain.
Plants,Flowering/Ornamental,Bougainvillea Live Plant with Pot,IGO Nursery,1 plant,99,79,194,Healthy nursery-grown Bougainvillea plant in grow bag/pot. Air-purifying & easy to maintain.
Plants,Flowering/Ornamental,Croton Live Plant with Pot,Ugaoo,1 plant,299,214,136,Healthy nursery-grown Croton plant in grow bag/pot. Air-purifying & easy to maintain.
Plants,Medicinal/Herb,Snake Plant Live Plant with Pot,IGO Nursery,1 plant,399,348,43,Healthy nursery-grown Snake Plant plant in grow bag/pot. Air-purifying & easy to maintain.
Plants,Medicinal/Herb,Neem Live Plant with Pot,IGO Nursery,1 plant,299,213,39,Healthy nursery-grown Neem plant in grow bag/pot. Air-purifying & easy to maintain.
Plants,Medicinal/Herb,Sandalwood Live Plant with Pot,Nurserylive,1 plant,149,124,72,Healthy nursery-grown Sandalwood plant in grow bag/pot. Air-purifying & easy to maintain.
Plants,Flowering/Ornamental,Tecoma Live Plant with Pot,Ugaoo,1 plant,299,231,117,Healthy nursery-grown Tecoma plant in grow bag/pot. Air-purifying & easy to maintain.
Plants,Flowering/Ornamental,Nerium Live Plant with Pot,IGO Nursery,1 plant,299,262,93,Healthy nursery-grown Nerium plant in grow bag/pot. Air-purifying & easy to maintain.
Plants,Flowering/Ornamental,Champa (Frangipani) Live Plant with Pot,IGO Nursery,1 plant,399,322,70,Healthy nursery-grown Champa (Frangipani) plant in grow bag/pot. Air-purifying & easy to maintain.
Plants,Medicinal/Herb,Lemongrass Live Plant with Pot,IGO Nursery,1 plant,399,274,85,Healthy nursery-grown Lemongrass plant in grow bag/pot. Air-purifying & easy to maintain.
Plants,Medicinal/Herb,Mint (Pudina) Live Plant with Pot,Nurserylive,1 plant,399,315,23,Healthy nursery-grown Mint (Pudina) plant in grow bag/pot. Air-purifying & easy to maintain.
Plants,Medicinal/Herb,Stevia Live Plant with Pot,Green Paradise,1 plant,99,76,192,Healthy nursery-grown Stevia plant in grow bag/pot. Air-purifying & easy to maintain.
Agriculture Tools,Garden Hand Tools,Hand Trowel,IGO Tools,1 unit,899,750,84,"Durable hand trowel for farm and garden use. Heavy-duty build, long-lasting."
Agriculture Tools,Garden Hand Tools,Pruning Secateur,Kisankraft,1 unit,1499,1188,129,"Durable pruning secateur for farm and garden use. Heavy-duty build, long-lasting."
Agriculture Tools,Garden Hand Tools,Garden Fork,IGO Tools,1 unit,899,685,31,"Durable garden fork for farm and garden use. Heavy-duty build, long-lasting."
Agriculture Tools,Garden Hand Tools,Khurpi (Weeder),Neptune,1 unit,120,90,29,"Durable khurpi (weeder) for farm and garden use. Heavy-duty build, long-lasting."
Agriculture Tools,Garden Hand Tools,Grafting Knife,Aspee,1 unit,7999,7189,109,"Durable grafting knife for farm and garden use. Heavy-duty build, long-lasting."
Agriculture Tools,Harvesting Tools,Sickle (Aruval),Falcon,1 unit,899,642,33,"Durable sickle (aruval) for farm and garden use. Heavy-duty build, long-lasting."
Agriculture Tools,Digging Tools,Spade (Mann Vetti),Falcon,1 unit,1499,1334,43,"Durable spade (mann vetti) for farm and garden use. Heavy-duty build, long-lasting."
Agriculture Tools,Digging Tools,Pickaxe,Aspee,1 unit,1499,1315,103,"Durable pickaxe for farm and garden use. Heavy-duty build, long-lasting."
Agriculture Tools,Digging Tools,Crowbar,Falcon,1 unit,7999,7035,134,"Durable crowbar for farm and garden use. Heavy-duty build, long-lasting."
Agriculture Tools,Sprayers & Pumps,Knapsack Sprayer 16L,Neptune,1 unit,120,87,135,"Durable knapsack sprayer 16l for farm and garden use. Heavy-duty build, long-lasting."
Agriculture Tools,Sprayers & Pumps,Battery Sprayer 16L,Kisankraft,1 unit,7999,6247,46,"Durable battery sprayer 16l for farm and garden use. Heavy-duty build, long-lasting."
Agriculture Tools,Sprayers & Pumps,Power Sprayer 22L,Neptune,1 unit,2999,2324,40,"Durable power sprayer 22l for farm and garden use. Heavy-duty build, long-lasting."
Agriculture Tools,Sprayers & Pumps,HTP Sprayer,Wolf-Garten,1 unit,120,91,96,"Durable htp sprayer for farm and garden use. Heavy-duty build, long-lasting."
Agriculture Tools,Sprayers & Pumps,Foot Sprayer,Neptune,1 unit,250,221,60,"Durable foot sprayer for farm and garden use. Heavy-duty build, long-lasting."
Agriculture Tools,Power Tools,Brush Cutter,Kisankraft,1 unit,120,105,84,"Durable brush cutter for farm and garden use. Heavy-duty build, long-lasting."
Agriculture Tools,Power Tools,Mini Power Tiller,Wolf-Garten,1 unit,2999,2138,109,"Durable mini power tiller for farm and garden use. Heavy-duty build, long-lasting."
Agriculture Tools,Power Tools,Chaff Cutter,Aspee,1 unit,250,193,119,"Durable chaff cutter for farm and garden use. Heavy-duty build, long-lasting."
Agriculture Tools,Power Tools,Water Pump 1HP,Wolf-Garten,1 unit,120,90,23,"Durable water pump 1hp for farm and garden use. Heavy-duty build, long-lasting."
Agriculture Tools,Power Tools,Earth Auger,Kisankraft,1 unit,1499,1239,48,"Durable earth auger for farm and garden use. Heavy-duty build, long-lasting."
Agriculture Tools,Farm Equipment,Wheelbarrow,Falcon,1 unit,1499,1180,90,"Durable wheelbarrow for farm and garden use. Heavy-duty build, long-lasting."
Agriculture Tools,Irrigation,Drip Lateral 16mm,Falcon,1 unit,2999,2570,119,"Durable drip lateral 16mm for farm and garden use. Heavy-duty build, long-lasting."
Agriculture Tools,Irrigation,Sprinkler Set,IGO Tools,1 unit,4999,4412,150,"Durable sprinkler set for farm and garden use. Heavy-duty build, long-lasting."
Agriculture Tools,Irrigation,Drip Emitter (4 LPH),Falcon,1 unit,250,177,115,"Durable drip emitter (4 lph) for farm and garden use. Heavy-duty build, long-lasting."
Agriculture Tools,Irrigation,Rain Pipe 100m,Neptune,1 unit,499,413,83,"Durable rain pipe 100m for farm and garden use. Heavy-duty build, long-lasting."
Agriculture Tools,Irrigation,Garden Hose 30m,Neptune,1 unit,120,105,150,"Durable garden hose 30m for farm and garden use. Heavy-duty build, long-lasting."
Agriculture Tools,Garden Hand Tools,Pruning Saw,Falcon,1 unit,499,396,97,"Durable pruning saw for farm and garden use. Heavy-duty build, long-lasting."
Agriculture Tools,Garden Hand Tools,Hedge Shear,Wolf-Garten,1 unit,1499,1125,76,"Durable hedge shear for farm and garden use. Heavy-duty build, long-lasting."
Agriculture Tools,Garden Hand Tools,Hand Cultivator,Neptune,1 unit,899,683,110,"Durable hand cultivator for farm and garden use. Heavy-duty build, long-lasting."
Agriculture Tools,Nursery Tools,Seedling Tray (98 cells),IGO Tools,1 unit,499,413,29,"Durable seedling tray (98 cells) for farm and garden use. Heavy-duty build, long-lasting."
Agriculture Tools,Harvesting Tools,Harvesting Scissor,Falcon,1 unit,7999,6479,125,"Durable harvesting scissor for farm and garden use. Heavy-duty build, long-lasting."
Agriculture Materials,Manures & Fertilizers,Vermicompost,Multiplex,5kg,1299,1026,96,Premium quality vermicompost for healthy crop growth and soil enrichment.
Agriculture Materials,Manures & Fertilizers,Cow Dung Manure,Geolife,5kg,149,111,114,Premium quality cow dung manure for healthy crop growth and soil enrichment.
Agriculture Materials,Manures & Fertilizers,Neem Cake,Multiplex,5kg,599,430,147,Premium quality neem cake for healthy crop growth and soil enrichment.
Agriculture Materials,Manures & Fertilizers,Bone Meal,Multiplex,1kg,249,214,128,Premium quality bone meal for healthy crop growth and soil enrichment.
Agriculture Materials,Manures & Fertilizers,NPK 19:19:19,IGO Agri,1kg,899,785,221,Premium quality npk 19:19:19 for healthy crop growth and soil enrichment.
Agriculture Materials,Manures & Fertilizers,Urea,T-Stanes,1kg,899,723,217,Premium quality urea for healthy crop growth and soil enrichment.
Agriculture Materials,Manures & Fertilizers,DAP,Multiplex,1kg,249,211,280,Premium quality dap for healthy crop growth and soil enrichment.
Agriculture Materials,Manures & Fertilizers,Potash (MOP),Multiplex,1kg,599,535,89,Premium quality potash (mop) for healthy crop growth and soil enrichment.
Agriculture Materials,Bio Stimulants,Seaweed Extract,Casa De Amor,500ml,599,482,135,Premium quality seaweed extract for healthy crop growth and soil enrichment.
Agriculture Materials,Bio Stimulants,Humic Acid,IGO Agri,500ml,249,218,221,Premium quality humic acid for healthy crop growth and soil enrichment.
Agriculture Materials,Bio Stimulants,Panchagavya,T-Stanes,1L,899,709,184,Premium quality panchagavya for healthy crop growth and soil enrichment.
Agriculture Materials,Bio Stimulants,Jeevamrutham,IGO Agri,1L,149,105,388,Premium quality jeevamrutham for healthy crop growth and soil enrichment.
Agriculture Materials,Plant Protection,Neem Oil 10000 PPM,T-Stanes,1L,599,477,62,Premium quality neem oil 10000 ppm for healthy crop growth and soil enrichment.
Agriculture Materials,Plant Protection,Trichoderma Viride,T-Stanes,1kg,1299,1046,264,Premium quality trichoderma viride for healthy crop growth and soil enrichment.
Agriculture Materials,Plant Protection,Pseudomonas,T-Stanes,1kg,149,127,139,Premium quality pseudomonas for healthy crop growth and soil enrichment.
Agriculture Materials,Plant Protection,Sticky Trap (Yellow),Katyayani,Pack of 10,149,119,374,Premium quality sticky trap (yellow) for healthy crop growth and soil enrichment.
Agriculture Materials,Grow Media,Cocopeat Block,IGO Agri,5kg,1299,1096,356,Premium quality cocopeat block for healthy crop growth and soil enrichment.
Agriculture Materials,Grow Media,Perlite,T-Stanes,5L,99,80,45,Premium quality perlite for healthy crop growth and soil enrichment.
Agriculture Materials,Grow Media,Vermiculite,IGO Agri,5L,1299,941,316,Premium quality vermiculite for healthy crop growth and soil enrichment.
Agriculture Materials,Grow Media,Red Soil,IGO Agri,10kg,899,757,90,Premium quality red soil for healthy crop growth and soil enrichment.
Agriculture Materials,Grow Media,Potting Mix,Casa De Amor,10kg,249,200,248,Premium quality potting mix for healthy crop growth and soil enrichment.
Agriculture Materials,Grow Bags,Grow Bag 12x12,Casa De Amor,Pack of 5,1299,938,61,Premium quality grow bag 12x12 for healthy crop growth and soil enrichment.
Agriculture Materials,Grow Bags,Grow Bag 15x15,Multiplex,Pack of 5,599,532,123,Premium quality grow bag 15x15 for healthy crop growth and soil enrichment.
Agriculture Materials,Grow Bags,HDPE Grow Bag 24x24,T-Stanes,Pack of 5,249,185,332,Premium quality hdpe grow bag 24x24 for healthy crop growth and soil enrichment.
Agriculture Materials,Protective Materials,Shade Net 50%,IGO Agri,3x5m,99,79,260,Premium quality shade net 50% for healthy crop growth and soil enrichment.
Agriculture Materials,Protective Materials,Shade Net 75%,Multiplex,3x5m,249,206,149,Premium quality shade net 75% for healthy crop growth and soil enrichment.
Agriculture Materials,Protective Materials,Mulching Sheet 25 micron,T-Stanes,100m,599,447,151,Premium quality mulching sheet 25 micron for healthy crop growth and soil enrichment.
Agriculture Materials,Protective Materials,Crop Cover Net,IGO Agri,3x10m,399,335,182,Premium quality crop cover net for healthy crop growth and soil enrichment.
Agriculture Materials,Grow Media,Coir Pith,IGO Agri,5kg,99,73,370,Premium quality coir pith for healthy crop growth and soil enrichment.
Agriculture Materials,Manures & Fertilizers,Garden Soil Enricher,Casa De Amor,5kg,399,285,141,Premium quality garden soil enricher for healthy crop growth and soil enrichment.
Field Crop & Millet Seeds,Paddy,Paddy (Rice) Certified Seeds,Kaveri,500g,250,197,208,"Certified high-yield Paddy (Rice) seed with strong germination, suited to Indian agro-climates."
Field Crop & Millet Seeds,Wheat,Wheat Certified Seeds,Nuziveedu,5kg,899,738,80,"Certified high-yield Wheat seed with strong germination, suited to Indian agro-climates."
Field Crop & Millet Seeds,Maize,Maize (Corn) Certified Seeds,IGO Seeds,500g,250,218,82,"Certified high-yield Maize (Corn) seed with strong germination, suited to Indian agro-climates."
Field Crop & Millet Seeds,Ragi,Ragi (Finger Millet) Certified Seeds,Kaveri,1kg,150,120,89,"Certified high-yield Ragi (Finger Millet) seed with strong germination, suited to Indian agro-climates."
Field Crop & Millet Seeds,Cumbu,Cumbu (Pearl Millet) Certified Seeds,Kaveri,2kg,150,119,57,"Certified high-yield Cumbu (Pearl Millet) seed with strong germination, suited to Indian agro-climates."
Field Crop & Millet Seeds,Thinai,Thinai (Foxtail Millet) Certified Seeds,TNAU Certified,1kg,399,340,154,"Certified high-yield Thinai (Foxtail Millet) seed with strong germination, suited to Indian agro-climates."
Field Crop & Millet Seeds,Samai,Samai (Little Millet) Certified Seeds,Kaveri,1kg,899,682,130,"Certified high-yield Samai (Little Millet) seed with strong germination, suited to Indian agro-climates."
Field Crop & Millet Seeds,Varagu,Varagu (Kodo Millet) Certified Seeds,IGO Seeds,1kg,150,113,136,"Certified high-yield Varagu (Kodo Millet) seed with strong germination, suited to Indian agro-climates."
Field Crop & Millet Seeds,Black Gram,Black Gram (Urad) Certified Seeds,IGO Seeds,5kg,899,683,145,"Certified high-yield Black Gram (Urad) seed with strong germination, suited to Indian agro-climates."
Field Crop & Millet Seeds,Green Gram,Green Gram (Moong) Certified Seeds,Nuziveedu,500g,899,691,72,"Certified high-yield Green Gram (Moong) seed with strong germination, suited to Indian agro-climates."
Field Crop & Millet Seeds,Red Gram,Red Gram (Toor) Certified Seeds,Nuziveedu,5kg,150,117,38,"Certified high-yield Red Gram (Toor) seed with strong germination, suited to Indian agro-climates."
Field Crop & Millet Seeds,Cowpea,Cowpea Certified Seeds,Nuziveedu,2kg,899,785,114,"Certified high-yield Cowpea seed with strong germination, suited to Indian agro-climates."
Field Crop & Millet Seeds,Horse Gram,Horse Gram Certified Seeds,Kaveri,500g,150,115,101,"Certified high-yield Horse Gram seed with strong germination, suited to Indian agro-climates."
Field Crop & Millet Seeds,Groundnut,Groundnut Certified Seeds,IGO Seeds,500g,250,205,173,"Certified high-yield Groundnut seed with strong germination, suited to Indian agro-climates."
Field Crop & Millet Seeds,Sesame,Sesame (Gingelly) Certified Seeds,Mahyco,2kg,399,323,240,"Certified high-yield Sesame (Gingelly) seed with strong germination, suited to Indian agro-climates."
Field Crop & Millet Seeds,Sunflower,Sunflower Certified Seeds,Kaveri,5kg,90,68,80,"Certified high-yield Sunflower seed with strong germination, suited to Indian agro-climates."
Field Crop & Millet Seeds,Cotton,Cotton Certified Seeds,Nuziveedu,1kg,599,542,112,"Certified high-yield Cotton seed with strong germination, suited to Indian agro-climates."
Field Crop & Millet Seeds,Sugarcane Sett,Sugarcane Sett Certified Seeds,Nuziveedu,500g,899,811,191,"Certified high-yield Sugarcane Sett seed with strong germination, suited to Indian agro-climates."
Field Crop & Millet Seeds,Fodder Sorghum,Fodder Sorghum Certified Seeds,Kaveri,5kg,150,133,40,"Certified high-yield Fodder Sorghum seed with strong germination, suited to Indian agro-climates."
Field Crop & Millet Seeds,Lucerne,Lucerne (Alfalfa) Certified Seeds,Kaveri,500g,90,74,95,"Certified high-yield Lucerne (Alfalfa) seed with strong germination, suited to Indian agro-climates."
Valluvam Traditional Products,Natural Foods,Native Country Egg,IGO Native,Tray of 6,499,394,101,"Authentic, naturally-made native country egg sourced from native Tamil Nadu farmers. Chemical-free & traditional."
Valluvam Traditional Products,Natural Sweeteners,Palm Jaggery (Karupatti),Tamil Naadu Organics,500g,199,166,26,"Authentic, naturally-made palm jaggery (karupatti) sourced from native Tamil Nadu farmers. Chemical-free & traditional."
Valluvam Traditional Products,Natural Sweeteners,Country Sugar (Naattu Sakkarai),Tamil Naadu Organics,1kg,499,450,96,"Authentic, naturally-made country sugar (naattu sakkarai) sourced from native Tamil Nadu farmers. Chemical-free & traditional."
Valluvam Traditional Products,Cold-Pressed Oils,Wood-Pressed Groundnut Oil,Tamil Naadu Organics,1L,199,155,31,"Authentic, naturally-made wood-pressed groundnut oil sourced from native Tamil Nadu farmers. Chemical-free & traditional."
Valluvam Traditional Products,Cold-Pressed Oils,Wood-Pressed Coconut Oil,Valluvam Naturals,1L,699,573,136,"Authentic, naturally-made wood-pressed coconut oil sourced from native Tamil Nadu farmers. Chemical-free & traditional."
Valluvam Traditional Products,Cold-Pressed Oils,Wood-Pressed Sesame Oil,Karisal Farms,1L,699,591,79,"Authentic, naturally-made wood-pressed sesame oil sourced from native Tamil Nadu farmers. Chemical-free & traditional."
Valluvam Traditional Products,Native Rice,Native Mappillai Samba Rice,Karisal Farms,1kg,699,603,142,"Authentic, naturally-made native mappillai samba rice sourced from native Tamil Nadu farmers. Chemical-free & traditional."
Valluvam Traditional Products,Native Rice,Karuppu Kavuni (Black Rice),IGO Native,1kg,99,90,92,"Authentic, naturally-made karuppu kavuni (black rice) sourced from native Tamil Nadu farmers. Chemical-free & traditional."
Valluvam Traditional Products,Native Rice,Kichili Samba Rice,IGO Native,1kg,399,327,96,"Authentic, naturally-made kichili samba rice sourced from native Tamil Nadu farmers. Chemical-free & traditional."
Valluvam Traditional Products,Native Rice,Red Rice (Sivappu Arisi),Karisal Farms,1kg,199,181,35,"Authentic, naturally-made red rice (sivappu arisi) sourced from native Tamil Nadu farmers. Chemical-free & traditional."
Valluvam Traditional Products,Natural Foods,Raw Forest Honey,IGO Native,500g,299,271,78,"Authentic, naturally-made raw forest honey sourced from native Tamil Nadu farmers. Chemical-free & traditional."
Valluvam Traditional Products,Natural Foods,Country Cow A2 Ghee,Karisal Farms,250ml,99,88,138,"Authentic, naturally-made country cow a2 ghee sourced from native Tamil Nadu farmers. Chemical-free & traditional."
Valluvam Traditional Products,Native Spices,Hand-Pound Turmeric Powder,Tamil Naadu Organics,250g,149,141,41,"Authentic, naturally-made hand-pound turmeric powder sourced from native Tamil Nadu farmers. Chemical-free & traditional."
Valluvam Traditional Products,Native Spices,Native Sea Salt,Valluvam Naturals,1kg,199,176,68,"Authentic, naturally-made native sea salt sourced from native Tamil Nadu farmers. Chemical-free & traditional."
Valluvam Traditional Products,Traditional Care,Herbal Hair Oil (Kuthuvilakku),Valluvam Naturals,100ml,299,258,129,"Authentic, naturally-made herbal hair oil (kuthuvilakku) sourced from native Tamil Nadu farmers. Chemical-free & traditional."
Valluvam Traditional Products,Traditional Care,Neem Soap (Handmade),IGO Native,100g,149,119,132,"Authentic, naturally-made neem soap (handmade) sourced from native Tamil Nadu farmers. Chemical-free & traditional."
Valluvam Traditional Products,Native Produce,Country Banana (Nattu),IGO Native,1 dozen,499,434,46,"Authentic, naturally-made country banana (nattu) sourced from native Tamil Nadu farmers. Chemical-free & traditional."
Valluvam Traditional Products,Native Seeds,Native Brinjal Seeds (Kathiri),Tamil Naadu Organics,25g,199,164,83,"Authentic, naturally-made native brinjal seeds (kathiri) sourced from native Tamil Nadu farmers. Chemical-free & traditional."
Valluvam Traditional Products,Native Seeds,Heirloom Tomato Seeds (Naatu),Tamil Naadu Organics,25g,199,180,65,"Authentic, naturally-made heirloom tomato seeds (naatu) sourced from native Tamil Nadu farmers. Chemical-free & traditional."
Valluvam Traditional Products,Natural Sweeteners,Panai Vellam (Palm Candy),Karisal Farms,250g,149,120,75,"Authentic, naturally-made panai vellam (palm candy) sourced from native Tamil Nadu farmers. Chemical-free & traditional."
Valluvam Traditional Products,Traditional Ware,Mud Pot (Clay Cookware),IGO Native,1 unit,199,185,63,"Authentic, naturally-made mud pot (clay cookware) sourced from native Tamil Nadu farmers. Chemical-free & traditional."
Valluvam Traditional Products,Traditional Care,Naatu Maattu Sambrani,Tamil Naadu Organics,100g,99,83,77,"Authentic, naturally-made naatu maattu sambrani sourced from native Tamil Nadu farmers. Chemical-free & traditional."
